{"cameraMode":{"drawMode":0,"name":"Shaded","section":"Shading Mode"},"sceneLighting":false,"audioPlay":false,"sceneViewState":{"m_AlwaysRefresh":false,"showFog":true,"showSkybox":false,"showFlares":true,"showImageEffects":true,"showParticleSystems":true,"showVisualEffectGraphs":true,"m_FxEnabled":true},"in2DMode":false,"pivot":{"x":-0.10902702808380127,"y":2.1367831230163576,"z":0.42578327655792239},"rotation":{"x":0.06551440805196762,"y":0.5542151927947998,"z":-0.04381636530160904,"w":0.8286315202713013},"size":1.164013147354126,"orthographic":true}