{"cameraMode":{"drawMode":0,"name":"Shaded","section":"Shading Mode"},"sceneLighting":true,"audioPlay":false,"sceneViewState":{"m_AlwaysRefresh":false,"showFog":true,"showSkybox":true,"showFlares":true,"showImageEffects":true,"showParticleSystems":true,"showVisualEffectGraphs":true,"m_FxEnabled":true},"in2DMode":false,"pivot":{"x":-0.6933128833770752,"y":3.2486090660095217,"z":-1.8551586866378785},"rotation":{"x":0.21813566982746125,"y":0.46021220088005068,"z":-0.11775825172662735,"w":0.852516233921051},"size":4.653681755065918,"orthographic":true}