{"cameraMode":{"drawMode":0,"name":"Shaded","section":"Shading Mode"},"sceneLighting":true,"audioPlay":false,"sceneViewState":{"m_AlwaysRefresh":false,"showFog":true,"showSkybox":true,"showFlares":true,"showImageEffects":true,"showParticleSystems":true,"showVisualEffectGraphs":true,"m_FxEnabled":true},"in2DMode":false,"pivot":{"x":-0.019528092816472055,"y":0.2268872857093811,"z":-0.005635074805468321},"rotation":{"x":0.0000022131453079055065,"y":0.7107152938842773,"z":0.0000033390454063919607,"w":0.7034984230995178},"size":1.881325602531433,"orthographic":true}